{
  "created_at": "2026-01-05T13:16:28.692727",
  "train_samples": 5208,
  "val_samples": 1489,
  "test_samples": 745,
  "total_samples": 7442,
  "input_shape": [
    128,
    128,
    1
  ],
  "num_classes": 6,
  "emotion_names": [
    "ANG",
    "HAP",
    "SAD",
    "NEU",
    "DIS",
    "FEA"
  ],
  "emotion_map": {
    "ANG": 0,
    "HAP": 1,
    "SAD": 2,
    "NEU": 3,
    "DIS": 4,
    "FEA": 5
  },
  "mean": -44.22454833984375,
  "std": 25.007614135742188,
  "sample_rate": 22050,
  "n_mels": 128,
  "spectrogram_shape": [
    128,
    128
  ],
  "train_distribution": {
    "ANG": {
      "count": 890,
      "percentage": 17.089093701996926
    },
    "HAP": {
      "count": 890,
      "percentage": 17.089093701996926
    },
    "SAD": {
      "count": 889,
      "percentage": 17.06989247311828
    },
    "NEU": {
      "count": 760,
      "percentage": 14.592933947772657
    },
    "DIS": {
      "count": 889,
      "percentage": 17.06989247311828
    },
    "FEA": {
      "count": 890,
      "percentage": 17.089093701996926
    }
  },
  "val_distribution": {
    "ANG": {
      "count": 254,
      "percentage": 17.058428475486902
    },
    "HAP": {
      "count": 254,
      "percentage": 17.058428475486902
    },
    "SAD": {
      "count": 255,
      "percentage": 17.12558764271323
    },
    "NEU": {
      "count": 218,
      "percentage": 14.640698455339155
    },
    "DIS": {
      "count": 254,
      "percentage": 17.058428475486902
    },
    "FEA": {
      "count": 254,
      "percentage": 17.058428475486902
    }
  },
  "test_distribution": {
    "ANG": {
      "count": 127,
      "percentage": 17.04697986577181
    },
    "HAP": {
      "count": 127,
      "percentage": 17.04697986577181
    },
    "SAD": {
      "count": 127,
      "percentage": 17.04697986577181
    },
    "NEU": {
      "count": 109,
      "percentage": 14.630872483221477
    },
    "DIS": {
      "count": 128,
      "percentage": 17.181208053691275
    },
    "FEA": {
      "count": 127,
      "percentage": 17.04697986577181
    }
  }
}